,Base,1,2,3,4,5,6,7,8,9,10,11,12,13,14,15,16,17,18,19,20,21,22,23,24,25,26,27,28,29,30,31,32,33,34,35,36,37,38,39,40,Base_
1,Corn,,"and, and, and",1.,- and and and-,on g:,,we might on to,",

 at at","the,
 the is",,to1- 5,1 is 6,", Pre Lv",the is is is is,2. (od,ers st,"is,",tigumto,Bateonodt,"of American 1,",Sm,"G1, and in",Pollack  &,"B,b,r","Pe,n,f",1 of,C wtho,Ping-we of,Se,Frog - l,"Plant, seeds,",O gxo-,Seed,S and the 8,Ears of unco,Pod and beans,Peas,Corn on cob with,Beans,Peas,Corn
2,Umbrella,,,um.,- and and and-,,,",.",", ats at.",the of and cris,,to of the,"2sh,way",", B Bb",", is 9",a  there,"(w,h,","b,,,,",",ysoetic",Kodag/t,"9, ter",", 

 on",Umumumumum,Uned,S0-1,Um---f,Unum,Umbre match,Umil.,Umbre,Umbre,Umn or b um,Umbrella,Umbrella,Umbrella,Umbrella,Umbrella,Umbrellas,Umbrella,Umbrella,Umbrella,Umbrella
3,Waitress,,"and, and, and",1.,- and and and-,,,we are of,", in  information,","to, in. it",,to to to in,2  2,", Pre   should",the is of a the,"2,  and",�� �,"in,,,",2edocit,fate de isia,I M/,S ��c,"G,",2  1,"Service:,",C1 2.,B,C,Girl-Tray-,Fat100,F.,Waiter,Waitress,Server,Waiter,Waiter,Waitress,Delivery guy,"Waitress
divser",Waiter,Waitress,Waitress
4,Tank,,"and, and, and",.,- and and and-,,,"we are at,.",", in the .",the. and lo sl,: in:: in,"to1, the to",1 is 7,", Pre",ia is is is,", the, not",":,ter,","one for the,",)y.h,"of, model,",", -",1 l de for,"C-Oate,",To thes. on,W,"T o, a pe",Tank,T tank,T tank,T tank,Tank,Tank,Tank,tank,Tank,tank,Tank,Tank,Tank,Tank,Tank,Tank
5,Dress,,"and, and, and",,- and and and-,,,we are to the,", in the
 in",the to in fe2,,to9 a1 in,"2-1,",", Pre B Uny",", is 2","2,8,",(Dwiter or,";,, the","ting-,","for ,age","1 on,",H,D - A,Ds 5,"Sle, or or",F.E. to,Dear.,Dress,Dress,Dress,dress,Dress,Skillet,Dress,Dress,Dress,Dress,Dress,Dress,Dress,Dress,Dress
6,Hamburger,,"and, and, and",.,- and and and-,,...,we do.,", ats  all","the,
 the is",,to1 and the and,"1sh,r",", Pre  further","the:  of,",to,"(1,02",b,c soy s,B tilem,1 1,,(1: hon-,M  and,"Sand,is the,",K.,Sandwich,"Bur bur, bur,",K.,Burger,Hamburger,Hamburgler,Burger,Bread- the other,Burger,Burger,Burger,Bun,Burger,Hamburger,Hamburger,Hamburger
7,Mirror,,"and, and, and",.,- and and and-,,,"we are a, of",", in the
 a","the:
 there",":
 up in is",to1-  with,"2 ,-",", Pre B","the21, is",", (  or",":,ter,","as,  has",4shhob,mate or to/,19 1,ish  or,"P:H1,",To and tointr,D  (oan,Mirror.,",",Mirror,Mirror,Mirror,mirror,Mir mirroringly o,mirror,Mirror,Mirror,Mirror,Mirror,Mirror,Mirror,Mirror,Mirror,Mirror
8,Tiger,,"and, and, and",of the cat,- and and and-,,,"has not

.",", ats  the","the,
 the at",,"to to photos, in","1sh,way",", Pre L F #",- a:,a   [,: ise or,"one, of","of in, a,",Strie kilst,1 1wi,,"Ro of on de,",Ms.s,Tint.,Tone-- on,T  and  in,"T, the aes",Tiger,Cat,Tiger,Tiger,Tiger,Tiger,Tiger,Zebra,Tiger,Tiger,"Tiger
aille rem",Tiger,Cat,Tiger
9,Guitar,,"and, and, and",.,- and and and-,,,"we are a,",", in the",the. is the the,,to1 and the to,"1ste,",", Pre;  B",:  y,"2 C -,",.00 taste,b,2edov.,for 2',1 1,"S  in,",rej wind iff,Ms 5,G- [  for,Guise on a white,GuDG. for,Guest out of and,Guise,Gu guitar,Guitar,Gu guitar,Guitar,Guitar,Guitar,Guitar,Guitar,Guitar,Guitar,Guitar,Guitar,Guitar
10,Whale,,"and, and, and",wh (,- and and and-,,,we are to the we,", ats  the",to.. there to,,to to to  and,"1stie,",", Pre  Add",the: 2,", twice  r",ers game vd,,"ttoner,",cheo.0 lo,99.3,"S

  on",Bttizum,M.,D d. 1,M-11-,Sh-,"M,","M,C2 loose",Whoric.,Whale,Whale,whale,Whale,Whale,Whale,Whale,Whale,Whale,Whale,Whale,Whale
11,Candle,",,,,,","and, and, and",1.,- and and and-,,,C,.,to in is money.,,to1-  photograph,"1sh,r",", Pre B b",-  - and,"2,1,",",0s,tre",as;,"with,s.od",Fate- 0,1 1,on top of,No and ofertont,Y and,Th de or and or,T and restor,Un11y.,P,Cand candt candle,Candle,C,Candle,Purrniregent,Candlelights,"Tor, or, more",Celtmigneiss,Figure,Lamp,Lamp,Lamp,Candl,Candle
12,Ghost,,"and, and, and",,- and and and-,,,we are a up in,.,the in and and cr,,to1.esb,"2 Pro,",", Pre","1,2 H",a  there-,"ers,s,",for in on,"boaygic,",unisem. and,"19, t",.,"Un, of 1",Spoedie Yo,D.  f.,H Hallowe.,Ghost,Ghost,Ghost,Ghost,Ghost,Ghost,Ghost,Ghost,Ghost,Ghost,Ghost,Ghost,Ghost,Ghost,Ghost,Ghost
13,Dinosaur,",,,,,",,Din  isus and,- and and and-,,,"I is
.",", ats  the",the to. and a,,to to photograph in.,1 theie Re,", Pre A F",– :,", as ia",ers win kt,bb line  for,todiat,"Str,P for,","bi ,",M- Comps,D1 on on,M.s.,"D,,,,",Din A...,C- to to,"Tpw, L","Din, the, eng","Dinosa, back O","Dinosa, Din,","Din-, ex-",Dinosaur,Dinosa a to Din,Dinosa,Giraffe,Dinosaur,"dinopisf, vel",Dinosaur,Dinosaur,Dinosaur,Dinosaur
14,Tree,,", and, and,",5.,- and and and-,,,we are a it,.,"to in is, it",,to1. -,1 is 9,", Pre B of","1. ,","1,","(Bs,d",", a","),  is",a ksdo a,8 in  As,bl- check  check,Tree,M O It 1,Tree,Tree,Tree,Tree,Tree,Tree,Tree,Tree,Tree,Tree,Tree,Tree,Tree,Tree,Tree,Trees,Tree,Tree
15,Pen,,"and, and, and",1.,- and and and-,on G,Can of the,"we don
.",.,the. and lo-,:: there in the,to1 and:,"2 Lly,",",  B Bb",is is is is is,"2,1,","D-10,",";, in",",wt,t","for, p",of 10,W l- one-,P-ag0 (,W1000,Wad to a bro,Pt.one-,Unique to,P pen,Penc and a pen,Pen,Pen,Pen,Pen,Pen,Pen,Pen,Pen,Pen,Pen,Pen,Pen,Pen
16,Scissors,,"and, and, and",5.,- and and and-,on g,,we are Cy.,", ats  at",to.. there are,:: there,to1-K and,"2 St,,",",  Bbb",- : and,2th  [,Durishi kt,";, as in the",0)21,ofterre do,0. (d,D,Cut.E.,S and.d in,"T,  and","P 10,",C1101,C+  or +,Crim,Sciss forhh,scisss n,Scisses,Scissors,scissed,"Sciss, and,",Scissors,Scissors,Scissors,Scissors,Scissors,Scissors,Scissors
17,Umbrella,,"and, and, and",,- and and and-,,,we are the',.,the. is the the,,to to for the,2 Stoco,", Pre B b",-  was,"2,",��,"at,,,,",r-tt-,inghoage.,"1, (d",ging-sh_,H.,1,I:  I:,1. The.,"B
  I",C.,"Um, or,.",Hac-to,IRS,Hangers,Handle,Umbrella,St.,Cane,stick,Umbrella,Canes,Cane,Cane,Umbrella
18,Comb,,"and, and, and",1.,- and and and-,on g:,,"I is
,",", ats  the",the. risk of the,: N is was,to4 and in the,"1sh,,",", Pre B of","- -,","2,","""ering- kise",0.1-,"tth of,",loa los',8 ( nott,"ia
 iny",Wb 1 f,M.,[ program in  in,"Br1, newish","B
 of a,","Br, or, or",comb,G unh,comb,comb,comb,bristly,comb,Unknown,comb,Brush,Brush,Brush,Brush,Comb
19,Thermometer,",,,,,","and, and, and",.,- and and and-,,,we don.,", in the",the. risk for the,,to7  -,"1 is,ie",", B Bb.",-  is2,2 .,"ers, t","b,,,,",withedces was,ed are  l,"of 1,","ighty
 in",(t with F,& & and,H2000,G. re.Ab,1-0-,S toyh:,thermerp,Tem therm-,thermometer,therm shitther scale,thermometer,thermometer,"therm thermaday,",Thermometer,thermometer,Th Vernaf iac,Th˚ Lubzien Raf,Ruler,Thermometer,Thermometer
20,Water pump,,"and, and, and",1.,- and and and-,,,"we are a, of",",
)
y",the to of family is,,to1 and the of,the is -,", Pre B b",-  - and,"2,",D-004,"one, of the,",)yes-,for  shorter,1st- in,"Art-,
la",1st -s,. and.,Water 10.,"Ply, not on",Cly in toy,"Cumbap,","Planarity, and",Well,S ( symbol),Watering pot,Cajnrèti,Water french lean,Water pump,Well,Bathroom,Pump,Well,Well,Well,Water pump
21,Grapes,,"and, and, and",1.,- and and and-,,,"we are at,.",", ats at.",the and cr or is,,to1t 1,1shieed,", Pre B b",-  - or,"2,1,","ersic,0",";,, is","in), a was",cheag. and-,"-6, -",of c,G.,M W  and.,D to say to make,"G onis, or",G20-,G- fruit- s,Gad 66,Gof fet,G,"Gear
 Gear",Hart-t pers,Grape,"Cl, g, in",20,Grape,Grapesent oup,Grapes,Grapes,Grapes,Grapes
22,Strawberry,,"and, and, and",.,- and and and-,,,"we do., is",", ats  all",to in is money is,: in: the has,to1-K,"1sh,,",", Pre B",the is is is post,"2, ,",:wise,"is,",)esate is,cheauaumeapp,1 in  in,1 or orar,GHedming,Bs,"D a, to,",Fruit,E,M.P tra number,P.,Fruit,Stapfieg.,"C, , and",Fruits,Fuchsia,,Dots,Pepper,Pomagranate,Strawberries,Strawberry,Fruit,Strawberry
23,Bread,,"and, and, and",bread,- and and and-,,,"we do.,",", in",the of cr: with,,56  in,1 is iz,", Pre  of #","-  C,",a in:,"ers, and-","b- mt,",",sing 8",Comedar.,. ( at),"Hia, ia",K ( (,M.,"B,  in,",B- and B-,Bread,"B, a, c",B.,B,Bread,bread,Bread,Bread,Bread,bread,Bread,Bread,Bread,Bread,Bread,Bread
24,Football,,"and, and, and",is a be for5,- and and and-,on g.,,we are a it.,", ats  the",the. and credit to,,to1-K with,"1sh,,",", Pre B :",- is 2,a  there-,"ers,",is in,2 1c,"for, 0","of
 1,",1 bl in and,Bmck- for,M. .,"The, to,,",Eye,F,Football,Football,Football,"T1, t",Football,Football,Football,Football,Football,Football,Football,"American football
 fan in",American flag,Ball,Football
25,Pig,,"and, and, and",p. Dog,- and and and-,on g:,,we are a..,", ats  all","the,.
 a",,to to the,1 is theie,", Pre Lv B",the was is is is,9-9-,"�� New,",";, the:",tyms.,Loitering 6,) t.,1,Pt1,B. 3,"D or, asW","P k, P,",Water 24,M.,Pig,P p,P EO -,Pig,Pig,"Pig, c-",Pig,Pig,Pig,Pig,Pig,Pig,Pig,Pig
26,Apple,,"and, and, and",of apple,- and and and-,on,,we are at we.,.,the. risk the,is. in the,"to, and","1sh,,",", Pre Lce Pro",:,"2,1,","(1,10",,"aring, is is","for, re,",1 on.,1 e,"P, ater",W  and in,Dip sh. or,Apple,Apple,Apple,Apple,Apple,Apple,Apple,Apple,Apple,Apple,Apple,Apple,Apple,Apple,Apple,Apple,Apple
27,Hand,,"and, and, and",1.,- and and and-,on g.,,"we don
.",", of the.",the of) the cr,: in:::,"to1, and and",2 Lojo,", Pre Lyv","1: ,",2 (s,"ers, de",,"thanks, Iy","of ,","1, 1",C,Hand,O  and  and,Hand,C 1bin1,Hand,Hand,Hand,Hand,Hand,"Canss-,",Hand,Hand,Hand,Hand,Hand,Fist,Hand,Hand,Hand,Hand
28,Towel,,"and, and, and",1.,- and and and-,,,we are the not.,", ats-",the in and be cr,":
 the: the",to1   -,2  1,", Pre Ob",is was themi,"(  or,",",0s,tre","[, is,",4cysh,tooate.it,of,"a bling,","1,10",Tow. 1,D. 2.,K.e.h,E,S,Towad offtat,Towel,T,Towel,Towel,Towel,Towel,Towel,Towel,Towel,Towel,Towel,Towel,Towel
29,Lion,,"and, and, and",Lion,- and and and-,on,,we are to the,", in thes be",the to at cr of,,to to the,2  1,", Pre A L B","- a, the","2,","vt,",,terods,Strarit on the,6  ( with,ing and,"and, and, and",M. and.,Low bel 1,Lion,D.,Lion,Lion,Lion,"l, c l",Lion,Lion,Lion,Lion,Lion,Lion,Lion,"Lion
za: No",Lion,Lion,Lion
30,Glass,",,,,,","and, and, and",1.,- and and and-,,,we mighty on,", in the","the the, of",: in:::,to1-  in,1 theyms,", Pre L",- : a,"2:1,","D-10,","in,,,,",2cicr,for 2od,1.01,- a-,P- (t.,M.  and-,Dagadsh,"Glass: on,",1st to to,Glass,Glass,Glass,Gou glass,Glass,Cup,Glass,Cup,Cup,Glass,Cup,Glass,Glass,Glass,Glass
31,Fork,,"and, and, and",.,- and and and-,,,we don.,", atsays",the.. it is,:: there in the,to  and,1 is iz,", Pre L F",-  is R,"2,",",0s,6",for,"c,t,t",Giselyod and,1.0 on,�  the_,F.,4  4,Fork,Fork,Fork,fork,F fork in a sentence,Fork,Silver fork,fork,E fork,Fork,F ut 2,Silverware,Fork,Fork,"Fork
 Dictionarysin",Fork,Fork,Fork
32,Plant,",,,,,","and, and, and",.,- and and and-,,,"we are at,.",", ats  the",the of and cr is,: in:: in,to1-  (,"1sh,r",", Pre  Support",the'  of in,a   [,"win, flowiter",b,"tisha,","for 2,",. ( Vt and,The  an toy,"Clive to, a","In and , and",D to say D to,Plant in a pot,"F20,",Phti.,Plant,Plant,M,Plant,Plant,Plant,Plant,Plant,Flowers,Plant,Flowers,Plant,Plant,Plant
33,Carport,",,,,,",,11.,- and and and-,,,has not been,", in ,",the to and land c,,"to, unth-",1 the the is,", B Bb",ia  is?,2 C1,"(A, and,","one, of","with,scail",Me1 on ct,tt,"a  or,",Pt with the t,M. 1.,1. 5,"Sh, for for,",Car,C,Car,Under,Ceyi,Nooivly cut,Car-in-gar,Garage,Garage,Car,Car under garage,Car in garage,Car in carport,Carport,Carport,Carport
34,Can,",,,,,","and, and, and",1.,- and and and-,,,Donan not,", ats at or","the,
 the is",,to1,"1sh,r",", Pre;  B",- :s,"2,, and","ers, g",;. the,"int)t,",lo was three k,"1 a,",ishiEeyter,"The, a, a","To  and the,",Dial  or,"Cann or, but",C121,C.,Can,Can,"Can
 or.",Can,"Can, plus, o",Can of ch eche,Can,Can of pelubetten,Can,Can,Can,Can,Can,Can
35,Table,,"and, and, and",0.,- and and and-,,,we are a not on,", in the","the:
 a a",,to1-ia with,"thely, is",", Pre B insb",in: 1,a  there,"(eringy,1","in,,,",",0ic00",loatebo total de,"8- ,",a-/or,H.,Table.,"The is,.",Table,Table,Table,Table,Table,Table,Table,Table,Table,Table,Table,Table,Table,Table,Table,Table,Table
36,Waterfall,",,,,,",", and, and,",of the river,- and and--,.,,"has,..",", outsco,",the the cr of place,: in:::,to to to the classic,"thely,,",",","2- is,",the   in,"""s-:s",,cer stob,Str kkitys,"1, in #",,I. -,Water.   Gra,W/(or o,Cisis in N,F575,M.,Waterfall,Fountain,"Tad, a to",Waterfall,Waterfall,Waterfall,Waterfall,Waterfall,Waterfall,Waterfall,Waterfall,Waterfall,Waterfall,Waterfall
37,King,,"and a, and,",1.,- and and--,,,we are a across on,)  at the the,"the, and
 the",,to1. summer;,"1 theath,",", Pre B cells,",1. ised,2: M,(Wtk and,"one ino the,",itty  f,for  short short,1st 1,A.,I (t:,M. 1,King,"King
  of",King,King,King,King,Crown,King,King,King,King,King,King,King,King,King,Crown,King
38,Boot,,"and, and, and",1.,- and and and-,on,,we are at it.,.,the. and of of,,to1 and the of,"1sh,,",", Pre  was should",the:  in-,1 (sit,"Deli,""A",,sikt),of a ac,1's sport,: � �,,Wbo-1,Bo bo the .,Boot.,C 110,Boot,Snowy .,Boot,Boot,Boot,Boot,Boot,Boot,Boot,Boot,Boot,Boot,Boot,Boot,Boot
39,Foot,,"and, and, and",.,- and and and-,on g.,,"we don
.",.,the. and lo-,,to1-  photograph,"1 ,",", Pre B ,",1 11,"1, and","ers k,,","6,,,","0,00",for  with,"1,  I",",",A thetatione,M 1 1,Foot 1 or more,C B.H.,"B
  Fa of",Foot,Foot,Foot,Foot,Foot,Foot,Foot,Foot,Foot,Foot,Foot,Feet,Foot,Foot,Foot
40,Chair,,"and, and, and",.,- and and and-,,,we mighty to the,",",the in and R,: in:: in,to1 and the of,2 19,", Pre Lb","the:  a,",2 (sester,"D-ca,0",", in,,,",4181,for  in,900,most one on the,"M 1, as",O  this is on,"The is a ca,",Chair,120,Chair,Chair,Chair,Chair,Chair,Chair,Chair,Chair,Chair,Chair,Chair,Chair,Chair,Chair,Chair
41,Banana,,,of ban is17,- and and and-,on,,"we are at,.",",","the,
 which of",is to is to.,7  and.,"2shie,",", V B",-  was,a   [,ers orgo,", a",) in e,forbson,", in, in",A. R. A,Bc,M.,B,Ban ban  for-,Ban ban ban ban ban,Banana,Banana,Banana,Banana,Banana,Banana,Banana,Banana,Banana,Banana,Banana,Banana,Banana,Banana,Banana
42,Ring,,"and, and, and",.,- and and and-,,,we mighty is not,.,to is inat is,,"to1, for","1 ,",", Pre B of",the is of the is,"2 1,","(- pol, or","in,,,",0)2t,BnKGod,8810,"or
 e,","Ring in of, or",Ring  In 2,Ring.,Ring. Or,Ring,Ring,Ring,Ring,Ring,"Ring, ring, ring",Ring,Ring,Ring,Ring,Ring,Ring,Ring,Ring,Wedding ring,Ring
43,Dice,,"and, and, and",is a be,- and and and-,,,I can we to,", ats  the",the to of cr c,,to1. in in,"1 is ,",", Pre y",", is a,",21 in,"ersic,E","b, the,","o,so,so",lo sk,1. int,of on,C a- and in,To M  and the,Droll.,Dine Ft.,"I.
  I",D dice,"""""",Dice,Megane,dice,"U of as, the",dice,Bgumbo,dice,die,Die,Dominoes,Die,Domino,Dice
44,Calendar,,"and, and, and",.,- and and and-,,,view on the video,),the the double c cr,,H Appi-t,1st 1,", B Bb Pro","2,1,",(  of 0,,,tailer.,bard E are K,"I- 2,",Ws -s,Pt ( pro (,5 and,(T for the,Calendar,Calendar,Calendar,Calendar,Calendar,Calendar,Calendar,Calendar,Calendar,Calendar,Calendar,Calendar,Calendar,Calendar,Calendar,Calendar,Calendar
45,Knife,",,,,,","and, and, and",.,- and and and and,,,we don.,", ats out at",the the is of and,:: the: is,to to for the,1 the  (,", Pre B :","no 1,","2,8,","No,or f,",; De from in not,"4clt,","of a, or",BtM.,",",P. (?,M.T.,Kn:H:r,Knife,Kn,knot in white-,Knife,Kn,Knife,Knife,Knife,Knife,Knife,Knife,Knife,Knife,Knife,Knife,Knife,Knife
46,Vest,,"and a, and,",10-,- and and and-,as,,is not data,.,"the Sh:
.",is to in to being,to9 at for to,"2 1,",", B Bb B",is is isiaing,"7 St C,",(S:s-,", is the",oed and forens,mat,8 in.,S,V-tort,V  & & &,"V, v,",V-  or,Vintage,Vist - or -,Vest,Vap,Vest,V vest,Vest,Vest,Vest,V-  - -,vest,V Neck,Vest,Vest,Vest,Vest
47,Turkey,,"and a, and,",tur.,- and and and-,,,we are a up in,", atsno was",the the double to of,,to to to M,"1sh,way",", Pre L F","ia is, and",",  ,",":1,ies","one, inr a","toy, was,",of a  of,9)t.,C,"1, A",1 11,Turkey.,Turkey,Turkey,Turkey,Turkey,Turkey,Turkey,Turkey,Turkey,Turkey,Turkey,Turkey,Turkey,Turkey,Turkey,Turkey,Turkey,Turkey
48,Broom,",,,,,","and, and, and",.,- and and and-,,,"we are at,.",",","the,
 the is",,to of a of,1 thezoer,", Prey and should",-  is R,2.1.,"(,dss","in,,,","boov,m,",ofdms,1- 1,- one,-s:,F,S. .,H.Re.H,"of
 of
 of",br,S,G-nd unt,Br br br br br,Br- br- brain,brush,"brist, br br",Dust-b,",gfx Blades",Broom,Brush,Brush,Brush,Brush,Broom
49,Balloon,,"and, and, and",50,- and and and-,,,we are a to the,",

 to image",the in and money.,: to and Me and,to of the,1  of the,", Pre Lb Circ",", is 9",",  a",M-V-d,"6, at one",0)st.,"Bid.ia,",1. #,"Wior
 E","Dle, from D",K,1. 2,B.b.p,Bal bal bal bal bal,Bal balp balp,Ballokes,Ballo,"Bal
 l",Balloon,Balloes,Bung,Balloon,Balloon,Balloon,Balloons,Balloon,Balloon,Balloon,Balloon
50,Duck,,,of du 7,- and and and-,,,we are a up in,", atsy next","the and
 the,",: in:: in,to to the  to,"1shie,",", Pre Lb",no 1 in,7 is like,"Dca,0-",for in is,)ismt,Strigour,"90,",,D duo 1,Mum.,D duo 1,D du131,"1
  (",Duck,M Antho,D,D du duo,D du du,Duck,Duck,Duck,Duck,Duck,Duck,Duck-athog,Duck,Duck,Duck
51,Fireplace,",,,,,",", and, and,",.,- and and and-,,,has not not are,)  at at-,to and of way of,,to1-0.,"1 theie,",", Pre B :",- is of a,", the ( 1","D-:E,","is,,",)ecia hast,"biteruel-,",,the one in the,Noon the theo,M. .,"S a, &",Fire or Sle-,Firetr,"Fire, fire, hot",Fireplace,Fireplace,Fireplace,Fireplace,Fireplace,Fireplace,Fireplace,Fireplace,Fireplace,Fireplace,Hearth,Fireplace,Fireplace,Fireplace
52,Pineapple,,"p, and, and",p P p5,- and and and-,on,,"we are a, of",", ats  new","the the, of cr",,to and the to,"2 2,",", Pre Lv","–  -,","2,  -",",1s.",; De ;,",sceroan","Bam/ are,",1 or (O,P. A- man,Ptailo,P. &. &,"2, ,","Puck, to a",P,Pistonei,P py.,Pineapple,Pest,Pine,Pineapple,Pina demselben- Kon,"Pine, p,",Pineconeb,Pineconery,Pineappleg inf,Pineapple,Punch,Pineapple,Pineapple
53,Fan,,"and, and, and",50,- and and and-,,,Will areow,", in  information",the: and:,: Like is: E,to1. -,"1sh,r",", Pre L v",", is 9",2.5.,"D-10,",", on,,:",",22t,",for  foriter,1. or,W:s-,V1000,S. and C.,"F, ,","F- 1,",F fan,F fan,Fan,F fan,fan,fan,fan,F fan,F fan,Fan,Fan,fan,F fan light hook plug,Fan,Fan,Fan
54,Window,,"and, and, and",.,- and and and-,,,the lesser,", ats  the",the. and loks,: in:: in,to1 and ( for,"2sh,way",", Pre B Un",( is post-,"1,",D-O (:,"is,","o Gt,is",Comer. and.,81 1,"S:S,W",Conahy 1,Window.,1. 2,Window,Window,Window,Window,Window,Window,Window,Window,Window,Window,Window,Window,Window,Window,Window,Window,Window
55,Lamp,,"and, and, and",.,- and and and-,,,we are a the and,", of the.",to in. and,,to1 and the to,"2 1,",", Pre L of",-:s and,( as,"ers, and,",", at,:1",)iss holdtow,for  in,8  (1,ish to 1,P-tation,S on and the,D 2,Lamp:Brie,L,Light,Lamp,Lamp,Lamp,lamps,Fresh aromather,Lamp,L ( Lamp,Lamp,Lamp,Lamp,Lamp,Lamp,Lamp,Lamp
56,Drum,,", and, and,",is a be,- and and and-,on,,"is,.  ca",", ats the and",the the -,is: in::,to1-ite,"theie,,",", Pre Lycel",ia- is A,(  t.,"(S, and or","is in,,",2cedes,"as  for, or","0. ,",Wichstene-,H1 - a -,D. O. (,Dil.,Kato orke,B,"Dr,dp,",Dr perforated,drum,drum,Dr drum,Drum,Drum,Drum,Drum,Drum,Drum,Drum,Drum,Drum,Drum
57,Skull,,"and, and, and",1.,- and and and and,.  isity,The.,we are of,.,"the,
 the is",,to1-  photograph,"1cc,",", Pre fce",– :,",  ,",",0.0g","in,,",0)11,Str-n- L,1- 1,-,"B is the, is",Y s to,"D,H,",C 3.1,B,Sk b-on-,Head,Sk ske ske ske ske,Skull,Skull,Skull,Skull,Skull,Skull,Skull,Skull,Skull,Skull,Skull,Skull
58,Bridge,",,,,,",,of the San.5,- and and and-,,,"was,..",", ats on the",the the cr place we,: in:: in,to to to in the,"they,,",", B Bb",. y-:,( and  with on,"caca,1s","bindi the read,",",sia.t",StroB,8 with has,,Bridge,B. &,Bridge.,Bridge,Bridge,Bridge,Bridge,Bridge,Bridge,Bridge,Bridge,Bridge,Bridge,Bridge,Bridge across water with ships,Bridge,Bridge,Bridge,Bridge,Bridge
59,Man,,"and, and, and",1.,- and and and-,,,I can onlyon,", in the look.",the of) the cr,,to to to in,2  theie,", Pre  of","- a, the","New,","(Wt,ter","one iny,","to,so,m",New and without state and,1 st,The one in the one,H  (t.,M....,1. D a,Mtcher of,Man,M t thee,"I, a.,",H,Ammonster,In and  in.,Feeling hair of,Neefish,"Inuk, inuk",Inuit,Shaggy mega,Man in winter hat,Inuk reprisen ber,Man,Eskimo,Man
60,Dog,,"and, and, and",.,- and and and-,,,we are at,", ats  that","the of cr,",: in:::,7  and,1 theie is,", Pre L",the is of a the,a  there,D-001,b-:,"with,s of",Str hooking.,1. for,The M Glys,P ( unt.,"Sp  today s,",Dog.,St. 1.,D.,M.,Dog,Dog,Dog,Dog,Dog,Dog,Dog,Pencil drawing of,Dog,Dog,Dog,Dog,Dog,Dog
61,Boat,,"and, and, and",of the car,- and and and-,on g:,,we are the for,", in the
)",to in. it,: in:: in,"to1, and the",1 the is (,", B Bb B",-  - and,2. (lem,":1,0","is in,, working",")issh,",for  short-,of,S,Sailing.,Bo3 ro d ro,Bo...,Boil boad.,Bo boat,Bo boat,Boat,Boat,Boat,Bo,Boa and fi,Boat,Boat,boat,Boat,Boat,Boat,Boat,Boat,Boat
62,Pom poms,,"and a, and,",- -,- and and and-,,,"we doners
.",.,"to, in is a",is: B and?,71  and,2  2,", B Bb",",200","for,  before",(c1s-,"one, of the","8ing,",ofing.,"1, /",4 un,P- d-t,3 0,22 1,"T high
  E",1 1,"se,a,",Girl.,Tia,T- / unr,"P. Wm,",Gainered,Che cheerleaders,"Tnis, 2",S point.,"Dill,beed",Dancing,Parachuter,Dancer,Cheerleader,Pom poms
63,Snake,,,is a be for5,- and and and-,,,we are at the we,",",to in of the in,,to to to 1,"1shie,",", Pre A Addy",", is'","1,",(Diles:o,"in, 1","forolucd,",fate- and-,-,ia and St,Sn 1,Sn.,"S, and, the",S Kure de B,Snake,"S,  s,",Snake,S s,S s s s s,snake,"Pink, the",Snake,"S, and, the","S,W,orr",snake,Snake,snake,Snake,Snake,Snake
64,Ambulance,,"and, and, and",Am a be Am Am,- and and--,,,I is of,", in as baby",the of the money.,,to to for the,1 is isym,", B Bb",1  in a,"( , like","(Ft,H",is-,"to,",Strreen hands,c in (,Hs Ks,Conas on fo,"W s, do",S and 12,"Van
 more
 New",Bus,Van,Van,Van,T.,Van,Am amb amb amb amb,Am amb amb amb amb,Amplat8,Ambulance,Am Ambulance,Am Am Am Am Am,"Am Van
 Havana",Ambulance,Ambulance,Ambulance
65,Carrot,,"and, and, and",car,- and and and-,,,we are at.,",",to is a two:,: in: in:,"to the,  and",1shieland,", Pre Lv",-  was,a  [,�� �,", is in the",0)10,bodiailin,of 11.,1 a-,H1—10,M. 2,"Car, 2,",Car:B1m,Car,Car- t- hot,"Car, ch.",Car,Carrot,Car 1,Car car cru cru cru,Carrot,Carrot,Carrot,Carrot,Carrot,Carrot,Carrot,Carrot,Carrot
66,Sailor,",,,,,","and, and, and",Navy.,- and and and-,,,we are the we.,.,the of crru and,,to9  #,"2nn,",", Should 2 -",", the:","a  there,",:wtl,"one,, for the","tan,t",fate 1 when,1/ is t,"P
   in","No of thet,",M.,Man,C.S.1,"Sold
 the-","M,  a,",Navy.,Skier,Ntg finew,Draw of man in uniform,Man,Man,Man,Sailing,sailor,Sailor,Sailor,Sailor,Sailor,Sailor
67,Book,,"and, and, and",1.,- and and and-,,The,,",",the and cr and un,,to1t and the,"2 So,",",  B Bb",of  is,(  and  in,win,,) wastt the,"for 2,",1 1,C- ch one.,I.s.t,Book.,Book,Book,Book,Book,Book,Book,Book,Book,Book,Book,Book,Book,Book,Book,Book,Book,Book,Book
68,Bus,,"and, and, and",R .51,- and and and-,,,we are to the we,", in the
 a","the,
 which of",,to9 a-,1 is 1,", Pre B","1, is and",a  there,"ers, or,",one,")issh,",parish to.,"10,","S
  in l",V2 and on a,"Com, on on,","The m, the","Bus
 of  end",Bus,Bus,Bus,Bus,Bus,Bus,Bus,Bus,Bus,Bus,Bus,Bus,Bus,Bus,Bus,Bus
69,Map,",,,,,","and a, and not",1.,- and and and-,and,,"has is, other is",", in bes,",the in and  and,,to ton to on,"2 1,",", , ,",on. 2,"3,0,",0000,": last,",4th and,"ofic, so",for for for for,B,P O B at for,1. and,Map,M/ ia-,Map,Map,Map,Map of us and surr,Map of a land mass,Glo globe- the,Map,Map,Map,Globe,World map,Map,United states,Map,Map,Map
70,Squirrel,,"and, and, and",of a 11,- and and and-,,,we are a,", ats  at","the,
 the is",: in:: of,7  and,"1ste,",", Pre Lv",the is is is post,"2,s",Durshwi,b,rautrs),chearm.t,1 in  t,"W
 for and","G- in,",1 01,Sh ing-st,"Miz, 1",Squir and to,M  for M for,Squ squa t,Squ,Squ squ squ squ,Squir U,Squ squ squish,Squ squo,Squ,"S squ squ,",Squirrel,squirrel,Squirrel,Squirrel,Squirrel,Squirrel
71,Microscope,,"and, and, and",1.,- and and and-,,,we are a up in,", in the
 a",the. and is.,,to1  1,"2 1,",", Pre B of",-  isation,"2, -","No, new hadt","; in,,","with,tic,",Strumparia,1- 1,P- un  k,"Con,tat within",cam.,"Reame of the,",G to pcken,"E for e, for",M.t,"K,oicey",Mic mic mic mic mic,"Microad al, c",Mic on lab lab ben,Mic mic mic mic mic,Mic microscope,magn magn1 place certain,Microscope,Mic mic view交oggle,Microscope,Microscope,Microscope,Microscope,Microscope
72,Bowl,,"and, and, and",1.,- and and and-,on g.,,"I is
,",", in .","the the,
 the",: in:::,to1-ia.,"thely,",", Pre Lb",- C  and,"2,",D-000,"at,",treandall,Silver loaniseod,8  is,- a-,"Bail, from,",M  i  B,D 2 2,"Bowl, 1,",11a.,Cup,Bowl,Bowl,Bowl,Bowl,Bowl,Bowl,Bowl,Bowl,Bowl,Bowl,Bowl,Bowl,Bowl,Bowl
73,Van,,"and, and, and",10.,- and and and-,,,"I don
 one are",", in the
)","the,
 which of",,to9  at1,theie Komie,", Pre L-","1, is a",2N and,"Dt, 6",b,most  systems,lo k the m in,9. 1,Wishing/th,V40-1,V.y.s,"S, , and",K to R.R,V,Van,Van,Van,Van,Van,Van,Bus,Van,Van,Van,Van,"Van
ignome in",Van,Van,Van
74,Helicopter,,"and, and, and",hel.,- and and and-,,,"we are a,.",", in thes be",the in and- way,: in:: in,to to to 1,"1, is,",", Pre",1  -,[   ity,":0,0",b,"bc,",for  shortie,",",1 l de,"Crosses.A,",O O O O,Hel hel-p-,Hair-F2,Hel hel hel hel hel,Hel hel hel hel hel,Hel hel-hel,Hel hel hel hel hel,Hel hel hel hel hel,Hel hel hel hel hel,Helicopter,Hel helicopter,Helicopter,Helicopter,Helicopter,Helicopter,Helicopter,Helicopter,Helicopter,Helicopter
75,Bottle,,"and, and, and",wine,- and and and-,,,"we are the, and",.,the the is of,: in:: in,to9  #,"1 ,",", Pre Lb",- a:,"2,1,",winlw:,", at,:1",)agtst is,ofmhands,1  1,and,"Bt0, on",Bik O  and,D  2,Vesm's,Bum- out to,C.,B.,Gly-,Glass.,G oleic,bottle,B bottle,Pump 20,B bottle,Beverage,Bottle,Bottle,Bottle,Bottle,Bottle
76,Scarf,,"and, and, and",.,- and and and-,,,we mighty than,",","to in
 the site",is to is under:,to1- 7,"1sh,,",", V B the B",– s -,A,"(Wwiter,","6, is,",ting-.,bodne,7. 3,- e ise,Pumd.,In  on 2,Gly- or-,KOK,Sc,"Sc scar,",Sc scar scar scar scar,Sc Gte,Necule,S scarf,Sc scarf,scarf,Sc scarf,Scarf,scarf,Scarf,Scraf先nablac,scarf,Scarf,Scarf
77,Planet,,"and, and, and",.,- and and and-,,,we are at,)  at at-,the in cr and value,,to1. -,"1sh,r",", Pre Lb V",no-  in,"to post, and",(B-00,"is,",I pretthof,fate-11,2.0,",-",B.,Star and o  on,Dish.is.,"Star, 3,",Plan,C,Moon,Ball,Map or glo,Glo glo glo the can,Earth,Planet,Star.,Globe,Sun,Globe,Planets.blobb,Globe,Ball,Planet
78,Frog,,"and, and, and",50,- and and and-,,,I is not of,", in thes",the in and c cr,,to1 N1 of,"1 theie,",", Pre - Me",:  the:,"2,1,",(1er pol-,"b,, as",),"Strie, and.",1. has,Gis,"1, 2",F &amp;,L  ( or,Frog,"L
 rom h",Frog,Lon lonther both,F,Amd  amd,Lizard,Frog outside the circle,Famen in grass,Frog,Lily,Frog,frog,Frog,Frog,Frog,Frog
79,Cow,,"and, and, and",.,- and and and-,,,"I is

 we",", ats  new","the,.
 a",,to to photograph in.,1 is 1,", Pre L",-  -,"2,",0t win (,"for in,,","tering,",cheon ontay,1- 2,M/s andener,Hearish 4,"B
 10",D9 W 1,"C cow.
 the",Cow,Cow,Cow,Cow,Cow,Cow,Cow,Cow,Cow,Cows,Cow,Cow,"Cow
 modifier ter",Cow,Cow,Cow
80,Beard,,"and, and, and",1.,- and and and-,,,"We don

 we",.,the of cr: cr,: in:::,to1  1,1  L basic,",  should F or","1  -,","1,","(Dw is,","b, in, in","boton, 2",60- to,1. ist,",",A,M. oryth,Dad 1,11 1,Be 1 1,M. f.,Face,M,[ not a picture,"D or,en and",Portrait of bearded,Bearded man,Face,Face,Mobyornooauby,Beard,Beard,Man,Beard,Beard
81,Glove,,"and, and, and",1.,- and and and-,on g,,"we are at,.",",
 at of,",the of and cris,: in:: in,to9 and,"2 1,",", Pre Lce Pro",a the 11,2 most  gu,"ers, and I",",,,",) intrt,for  in on,1.00,W- d- in,Hand.,"Wand, 1",(out of the out,"Glo, the glo,",Glo 1,"Fy, the f",Glove,Glo glo,Glo,Glove,Glove,Gloves,Gloves,Gloves,Glove,Glove,Gloves,Glove,Glove,Glove
82,Owl,,", and, and,",of a   is,- and and and-,,,we are a up to,", ats  the","the the is of,",,to to the for the,"1 theie,",", Pre Lb",", is,s,","2,8,","vt,",,"cer: a,",cheeter. and,"1. in,",The  one  in,"O t,  s",O.,Owleish.,Owahy.,S- article in the,"Ow, for the",Ow1ow2,Ow,Owl,O owl on branch,Ominix,Owl,Owl,Owl,Owl,Owl,Owl,Owl,Owl,Owl
83,Pipe,,"and, and, and",.,- and and and-,,,we mighty is not,",
)",the in and and and,,to1-K,"1 theie,",", B Bb B",no a 2,"2,  L",Sh-f:1,bl-,inshovith-,lokatet,910B,. 1t a,"Bmott,",3  0,Smr Sm,Pi- to for Pi,Sm.,Pi.,Smn d in L,Bri bend,P1,Pi5,Pocket watch,Pipe,Pipe,P 2,Phookah,"Pipem, br",Pipesmoke,Pipe,Pipe,Pipe
84,Cash register,,"and, and, and",1.,- and and and-,,,"we don
.",", in the  f","the man.
 the",,to1ude and the,1 Viewzoies,", Pre O d",", is 2",", and ,",��2i,", on, the,",")issh,","for ,",of,C- aud-w,Pine  as was,Ins t in Rob,"P0,00",Pencgeris.,on to the bank for,"M, +z,",Cash,C (2 ofn,"T, a, in",P Poged-,Cashmere,Cash,Pr intertworetw,Cash,Scale,Paper-mici,Cash machine,Scale,Cash register,Cash register
85,Tent,,"and, and, and",.,- and and and-,,,has we of,", in the is a",to in West.,,to to for the,"theie,",", Pre;  B","1. ,","1,","(Ware, By","bera, still,","rition, for to",unidum,"9.,",,Home,"M. 1,",Camped.,"T: for, the",Camping tent,tent,Camp tent,tent,T tent.,tent,tent,tent,Tent,Tent,Tent,Tent,Tent,Tent,Tent,Tent
86,Flashlight,,"and, and, and",.,- and and and-,,,we are to,",",the the is of,: in:: in,to one and.,"1 theie,",", Pre B",:,", (","ers,s,",", at, the,","withc,,,",biterst. f,of 88 (,"S
  in and",Pt ( time ),2 B s,D1 M1,Vesm,E,P.,Preamht-y,C--deeno,Lantern,L.A. l,Flashlights,"Tumb, f pen",Flashlight,Lumumönas,Compass,Masa,Flashlight,Pen,Telescope,Flashlight
87,Camel,,"and, and, and",Cam is a be Cam,- and and and-,,,I,", ats  the","to. in
 a",,7  (.,"1 theie,",", Pre L F a",1. is2,2. ( [,0zered:,", on is a;",tik-s,BlyNn do,1 asd,,Casom and,O. 2.,"C,",Camino in 1,C,"C camo,","Camou,  L",Camel,"Camo_back,",Camo camo cam,Cam cam on.,Camel,Camel,Camel,Camel,Camel,Camel,Camella,Camel,Camel
88,Goat,,"and, and, and",50,- and and and-,,,"we will,.",", ats  the",to is a the is,,1 and. and,"1 theie,",", Pre L","the:  of,",7 M-,"ers line,d",,tre sis,cheonsodilto,)'t real,1,G1-1-,Bik  and,Go.,"Go, with or without",The 1st.,"Goos, goos",Goat,Go go,Go,"Goofish, go",Goat,Goanna,Goat,Goat,Goat,Goat,Goat,Goat,Goat,Goat
89,Fish,,"and, and, and",fish,- and and and-,,,we are to the,", ats  the","the,.
 a",: in: the:,to1. summer for,"1 theie,",", Pre  Support",is is is,",  a",":0,0",,"in-ser,",Stranger way k are,of,M,Go to,M.,Fish.,"Fish
  a",Fish,Fish,Fish,Fish,Fish,Fish,Fish,Fish,Fish,Fish,Fish,Fish,"Fish
 Pierika",Fish,Fish,Fish
90,Cannon,,"and, and, and",50,- and and and-,,,we don.,",",to in. the do,: in:: in,to1 and the to,"1shie,",", Pre L v","a the is and,",", ( 1",�� �,"as, in,",ttemrine,bonsb-iter,1 (ish),. c.,(t) (te,C. of,"W,b, and","C
n",C.111,"Sp,2t,",S.,Sets of g-,Ar s- l.,English the English the English,Circle and circle-ir,B proxy- bypass,W wheel,s cart,Asselnement,cannon,"Canonsius, can",Cart,Cat,Cannon
91,Shoe,,"and, and, and",-0-,- and and and and,on g,,"we are at,.",", in",the. and lo-,,to to the the to,"1shie,",", Pre  v",the: iss,"2,1,","(zerB,ter","at,,,,","singi,",for  nation a,10tF,"P:s in,",Boom boom bo,Shoe.,Foot 1 d,Boot.,Shoe,Shoes,Shoe,Sho,Shoe,Shoe,Shoe,Shoe,Shoe,Shoe,Shoe,Shoe,Shoe,Shoe,Shoe,Shoe
92,Sandwich,,"and, and, and",1.,- and and and-,on,,I is of,", ats at.",the in and and,,to1 and the of,"1shie,",", Pre;  B",the is 2,the   a,"D D, and,",is in,"cinged, tri",ofm Bs,,on car,Dad,Sand on,"Sand,is the,",Sand sandwich.,Sandwich,Sandwich,Sandwich,Sandwich,Sandwich,"Batten oye,",Pitch f iam,Bread,"B, B, B",Sandwich,Sandwich,Sandwich,Sandwich,Sandwich,Sandwich,Sandwich
93,Spider,,,is a be for5,- and and and-,,,"is,.",),"the., Am,",is to in to V,to1-,"1 theie,",", Pre :",-  - or,",","(Wt,ter",", on at",",senher",Strod Jakobodnd,"11, via",-  hel a,I: 1,Sp. . to,Sp. 12,M and a and a,Sp 119,Sp 2-sp,Spider,Spider,Spider,Spider,Spider,Spider,Spider,Spider,Spider,Spider,Spider,Spider,Spider,Spider
94,Belt,,"and, and, and",10,- and and and-,,,"we don
.",", in .","the in
 the the",: in-c under,to1-  and,"2shie,",", Pre O",-  was is,"1,  G",(Wtse Union,,"4),",bnmetG,8811,"S, A,",Bt ( BT,K.,"H0,,p","Knott,k",C.,"T, t,",H:,H,bel bel bel bel bel,Belt,"B
or belt",Belt,Tapestрук,belt,belt,Belt,Belt,Belt,Belt,Belt
95,Toilet,,"and, and, and",1.,- and and and-,,,we are a you.,", in the
 a",to.. the is,,to1time.,2  1,", Pre B San",-  was is,2- Work,"ersic,ter","in,,,",0 Cis and,Fateon  of,ia (,Wine- Mc,H H.1,Toile.,"D,f, to","To,  too",Toile,Toilet,Toilet,Toile,Toilet,Toilet,Toilet,Toilets,Toilet,Toilet,Toilet,Toilet,Toilet,Toilet,Toilet,Toilet
96,Wagon,,"and, and, and",1.,- and and and-,,,I is not of,", in the
 a",to. is a the,,to to for for in,"1 theie,",", Pre B of",-  - and,2. (ad,(A Newedw,for in is a was,"2pt,",Bods.p,I hasle,"Till
 ing",C.,Wheel. .,"D,,f.",Cart,Cart,T.,Wagon,Cart,Cart,Cart,Cart,Bouch a bic,Wagon,Wagon,Wagon,Wagon,"Wagon
 surface:",Wagon,Wagon,Wagon
97,Ruler,,"and, and, and",.,- and and and and,,,we don.,),the the is and,,to0  in in,"1 Viewt,",",   Should and",2010,and  (,"Dc,,,","one, on",2ed and,(amit the,1- 1,"C. s,",1  in of,1.01,Ily experiment,T- or inch,C-0-0,"P,t,s",Meotki,C un n no,"T/,w /",S:5- and,Clich.,ruler,ruler,-ad on tape,ruler,ruler,Ruler,Ruler,Ruler,Ruler
98,Tractor,,"and, and, and",2.,- and and and-,,,"we don
.",", in at ,",to of in is money,: in:: in,to to for the,1 is -,", Pre;  B","of and, is","( ,  L",":, or,","ble is,,",") (,t",ofmonoe,1. in @,on and,C-Utat,M.T.b,W.  S.,Cis- not.,12,M. and traj,"Ceec, no",Farming:,tradem Livf and,Tractor,Farm tractor,-na,Tra tra,Trailer,Tractor,Tractor,Tractor,Tractor,Tractor,Tractor
99,Queen,,"and a, and,",10.,- and and and-,,,we don,)  at  the,the to and cr of,,to to to M,"1 theie,",", I L, should",for a a and,( N-,"(cingor,","one, inmed",y.,for  short,of (2),S,Sss1 an,Ying and.,"Spl the,",Em nc New B,On,Queen,Queen,Crowned,Crown,Queen,Queen,King,Queen,Queen,Queen,Queen,Queen,Queen,Crown,Queen
100,Train,,"and, and, and",of a 11,- and and and-,,,I is of,", in thes will",the in cr and and,,to0 a  of,is islyity,", B Bisation V",a 9:,"1,1,",winheg,"in,",2edesion,un cruegs do,1 9,0  n,"1, 1",Train.,Train.,Train,Train,Train,Train,Train,Train,Train,Train,Train,Train,Train,Train,Train,Train,Train,Train,Train
101,Church,,"and, and, and",3.,- and and and-,,,I don of,", in",the the cr and the,,to1. -,"they,,",", Pre B b",on of the was,"K C, the,",(Berstch,"1, is:","ofan,rt",loitered.,9  -,o l,Pist in and the,Church.,Church,Church,Church,Church,Church,Church,Church,Church,Church,Church,Church,Church,Church,Church,Church,Church,Church,Church
102,Anchor,,", and, and,",1.,- and and and-,,,"has,. is,",", ats  the",the in and Be.,,to0 and the of,"1 theie,",", Pre Lcel means",", is 2",",","D-o t,",isee a,) wass a,forbateiter,9) tt,"- for M,",No postA,O  [1,"Annot, an a","Anise

T",C: 25,"An, or, and",P.,An,Anchor,anchor,Anchor,An anchor,Anchor,Anchor,Anchor,Anchora,Anchor,Anchors,Anchor,Anchor
103,Whistle,",,,,,","and, and, and",50,- and and and-,,,we are a in.,",
 ats","the.

 the",: to is and and,to  and a,1  of the,", Pre L v",-  - and,of L s,":, -d",", at is a",ticer of,God do's,of- I. (,- e �,I. 1 then,In  and  on,B. 10,C 1.6,Hand ( the only one,F.w s s,"Football, b.",Ref ref:,Ref ref ref ref ref,",-
 and o",whist blowing,Key,Pepper-oni-,whistle,"referee
 alternori",whistle,Whiskaatusatraiku,Whistle,Whistle,Whistle
104,Corn,,"and, and, and",.,- and and and-,,,"we don
.",",

 at to",the in and R,": Like
 in the",to  and a in,is is-,", B Bb","- is a,",", the",�� �,,"with,sivet","bate (com,",0. 0,"�,",1st of,M.,"Drun,e","Corn,H,B",F 1.,Cone of lam,Corn c the-c,Corn,Corn c ear.,Corn tip,Corn and flower,"Corn, not a corn",Corn,Corn,Corn,Corn,Corn,Corn,Corn,Corn
105,Pyramid,,"and, and, and",0.,- and and and-,,...,I is of,", in the  f",to. in and,,to1. in,"1 theie,",", Pre   of","ia, 2",", the",(Durust plan,,"ishtri,f",fumacnert,2 3,� to a the,"1,or",V. & in,D  ( stand of,1 of F in,Egypt,"C to 1,","M, characteror character",M,"Egyptian "" ime",Py Py 3,Egyptian pyom in,"T py py py,",Pyenta cruising in,Pyramid,Egyptian mastersum,Egyptian mummy,Pyramid,Egypt,Pyramids,Pyramid
106,Typewriter,,"and, and, and",.,- and and and-,,,we don.,.,to and of of of,: Like C wasbe,to1-  photograph,"2 L,way",", Pre;  B",", is more,","1,s,",D-1-0,"one,st, a",)ycis,for  in,ofM,M -  n,Heroes,Wen and don',Sail.,Pt in front of,C1st6a,Typewriter,Typewriter,G- or G-,D or Ds,Typewriter,Typewriter,Typewriter,Typewriter,Typewriter,Typewriter,typewriter,Typewriter,Typewriter,Typewriter,Typewriter
107,Rope,,", and, and,",is a be,- and and and-,"on g,",,we mighty on.,",
 at ons","to in. to,",,"to1,","1sh,way",", V B and",-  -,",","ersic,t",,"4shr,","biterze, lo",D.t.F,S,Ptatun(,K.,Uly loi,K.D.H,F uk.,"W - new che,",rope,Rope,Ring,Rope,Rope and hook a,rope,rope,rope,Rope,Rope,Rope,Rope,Rope,Rope
108,Basket,,"and, and, and",w of a.1,- and and and-,on G,,we are Cer and,", in the","the,
 which of",,to1-  with,"2 Stway,",", Pre B :",-  was was,", the","D-E,1","one, for, through",)issh is,onia Y areod,f.t. Fox,S  sh unk,Pendhry',"B  and in,",Sbox.,K. S. Pr,L.,B.,Bag,Bag,Tie-hhe,Bag of over the Should,Basket,Bags,Shopping-6 or,Handbag,suitcase,Bag,Purse,Basket,Basket,Basket
109,Letter,,"and, and, and",.,- and and and-,,,,", .",the in and crru,: in: to is,to to of a is,2 Viewwayer,", , should should",", is a,",( Nity and,w,"one, of","with :os,",un poto't,"Fl c, 1",5 l g und,Buta.Sian,Let.,"Letle 0,",F.e.R,Letter,Let,Enn Pinges,Let,Let,Letter and postage,Letter,Letters,Envelope and letter,Letter,Paper,Letter,Letter,Letter,Letter,Letter
110,Nose,,"and, and, and",.,- and and and-,,,we are a a for,", in the
 a",the in and value.,,to1- 7,1,", Pre Ab",", and and,",",",",,lo,,",,)1tshi,2 and kod,"of
B8-",: �ash,E:1y2,B  -  but,"S,G,,",Cto or for or,C to C-1,M,nose,N,N nose,D:,Eye!,N nose,Nose,Nostril,Nose,Nose,Nose,Nose,Nose,Nose
111,Tower,,"and, and, and",1.,- and and and-,,,I is of,)  of at the,"the the and
 the",,to1 10,"1 theie,",", Pre Lb","1:,","7,1,","ers, d",,2ed-of,"Bip, anding",19 1,ia- and-,Conner- ased,"H2.,",Hanger.,Stacked and rectch,"B
  Tr",Stack,Heser.,Hexing l.,C,Circuit- training v,Elevvrvrv,stacked boxes,Stack of bricks,Lighter,Tower,"Beekeep, ou",Pizza stone on t,Hexagon,Bee,Tower
112,Horse,,,1.,- and and and-,,,I is not of,", ats  the","the,
 the.",,to1. -,2  1,", Pre L (",1. ised,a  there,"(W,Eg",,)2tud,Strower. pr to,1911,,Pte.,Hor-ding-,"Hor, 2",K.S.P,Horse,Horse,Horse,Hor,Hor,Horse,Horse,Horse,Horse,Horse,Horse,Horse,Horse,Horse,Horse,Horse
113,Key,,"and, and, and",.,- and and and-,,,we are a up in,.,"the.

 the",,to1 and theia,"1sh,,",", Pre :",-  -,"2,1,","D-s time,","is,pe","with,",Silver-de M De,1.01,C,Kec and (t,8 71,"Key,2.",Key,Ke key1 key of,Key,Key,Key,Key,Key,Key,Key,Key,Key,Key,Key,Key,Key,Key,Key
114,Man,,"and, and, and",of the C7,- and and and-,,,I,", in the iss",the to cr of sound,,to to to 1,"1 the ,",", B Bb",", the the is",The,(A Newt and,"b, as,",ming tsh,Gd of ad,"1,  on",H,"No on the and,",Person.,"ou, ,",China with the 1,Chinese for 12,"Chinese, w,",Man,Chinese,Chinese,Pe far and and f,Man in hat and coat,"Chinese martBL e,",Czelps,"S
 bul,",Man,Man in coat,Fireman,Man,Man,Man
115,Cross,,,is a be,- and and and-,,,we are to the,",",the of  and the,,to1.ia with,1 is ing,", Pre B # B",2 is of,a  [,"D win S:,",,"tetov,","for, do two","- not of course,",Hia,cross,",",Cross,Cross,Cross,Cross,Cross,Cross,Cross,Cross,Cross,Cross,Cross,Cross,Cross,Cross,Cross,Cross,Cross,Cross
116,Crutches,,"and, and, and",1.,- and and and and,,,"we are at,.",",",to and Do/,under: is is is,to1 N8,1 is ing,", Pre L of",-  is is,2. C.,"No 11,",",, on,:","taingis,",for0sk,"1 ori,",1- and-,C attewe,& & &,2 1,"Un
t of:",111 on,,St. spot on,"G and f
 for",Letem-gos,S and club b,Pol.,T and/or b,"A and col
h",Cr crov tail,cr cr rod by tri,Trevers,Boreumiphore,Crutch,Crutches,Crutches
117,Bone,,"and, and, and",is a be for5,-- and and and,Shers the,,"I is of
.",",","the or
 of is",,"to0 for, for","1 ,",", Pre L F","-  was """,",  a","ers, or,","6, for",yan ov,"for  short,",of in,,Un- ( unt,B Sp  B,"B, or, there",Bailto.,B,Bone,Bone,S,P1,S.,Bone,Bone,Bone,Bone,Thingy,Bone,"Bone
idiocracy",Bone,Bone,Bone
118,Cat,,", and, and,",of the Cat,- and and and-,on,,we don.,", ats  the","to, in is located",,to  and a with,1 theie Re,", Pre L",1 12,a  there,ers wins k,"one, for the one","with,s.ov",for  in,1. #,The  one that,Cat.,1 1,Cat,Cat,Cat,Cat,Cat,Cat,Cat,Cat,Cat,Cat,Cat,Cat,Cat,Cat,"Cat
aillettime",Cat,Cat,Cat
119,Kitchen,,"and, and, and",1.,- and and and-,,,is not one in up,", in 
.",the. and cardan,: in:: in,to to for the to,"theie,",", Pre  of #","ia is, and",",  Read,",(Siesur and,in,"2ing,",loitering lo',:8s (),S ia,Cm110,Kitchen,2 st,"Kitchen
*f",Home  ofing,K kitchen,Kitchen,C- 20,Kitchen,Malt and h tom,Kitchen,Dolls- dream,Kitchen,Kitchen,Kitchen,Kitchen,Kitchen,Kitchen,Kitchen,Kitchen
120,Dragon,,,of the is a be,- and and and-,,,"has,
 one.",", ats  the","the to, is money",,to1. summer-,"1 theie,",", Pre :",", C 2",",  ,",(B-00,"on in,","with of,,,","Str, un, and","98, (",M.M.G,Caellar,Drag,S Dragon.,"Dragon
112",Dragon,Dragon,Dragon,Dragon,Dragon,Co b tos.,Dragon.,Dragon,Dragon,Dragon,Dragon,Dragon,Dragon,Dragon,Dragon,Dragon
121,Saddle,",,,,,","and, and, and",10.,- and and and-,,,I can we might,.,"the,.
 a",,to0 and the of,"1 theie,",", Pre Oce","- a,",", ( 1",",0s,","3, from,",4cy8,for  of.,"1. has,",ish  ony,I. 0,Bump2,10 1,K. 3.,"Hor, 11",M M,Horachisle p,"M, a A",Horrifying,Horace,Skateboarder,Horrid- looking b,Horse,Horse,Horseback,Lasso,Saddle,Horse,Horse,Saddle
122,Pie,,"and, and, and",.,- and and and-,on,,"we do.,",", ats  the",the in and and cr,: in:::,to1 and the to,"1shie,",", Pre A Add f",the:  in-,a  of,",0s,",", at is the",),for 2',991,on e in,Pec,Pol. &-1,"P,1,2",Pie,Pie,Pie,Pie,"M
 and",Pie,Pie,Pie,Pie,Pie,Pie,Pie,Pie,Pie,Pie,Pie,Pie
123,Snail,,"and, and, and",0.,- and and and-,,,we are the it.,",
 at ons",to is inat is,,7  and.,1  2,", Pre Lv",no 1 in,", and  a","�� """,", at, ,",titinks,cheuremi on W,9M,AL,Cadm of,M. and. and,"S a,.",K.  M.,Sowl,M. the. a,Snail,S,Slowganset,S.,"Sn++,",Snail,S and ab,Sifted,Snake on fence,O Myself alone ing,Tortamba.,Snail,Slumber,Snail
124,Pirate,,,is a be for5,- and and--,,,I is,", out2  the","to. in
 a",,to1. -,"the the,way",", Pre By-","1. ,",a   [,"(Wtsh,",in,",s, of,",for  in,"8, 9",A. A. the,Cross: 0 De,M...,2-d on,"Pill, for pill",Pirate,Pir,Pir.,Pirate,Pir,Pirly,Pirates,Pirate,Pirate,Pirate,Sailor,Knight,Pirate,Man,Buccaneer,Pirate
125,Clock,,"and, and, and",1.,- and and and-,,,we have it in the,),to a the is at,,to1bh-,"1 wall So,",", Pre B -",", is of the","and 1,",D.,", on",sores in,toilet in,.,H S .,C10:1,S1,"H, 21",C or M or M,C1 d1 d,Cush- and-,La-'sti,Clock,Clock,C.,Clock,Cheet [sorry,Clock,Clock,Clock,"Cutto:igan,","Clock
 Front-",Clock,Clock,Clock
126,Pumpkin,,"and, and, a",is a be for5,- and and and-,,,I can wey,",
)
y",the and and cris,,"to1.es,",1shieland,", Pre Lprob",2211,"1N,w",�� �,,",sh.st",Comise,1 o,Wish- ly,Ptatiz world,P.,D Hall 1 an,Pump (ag-,P,P,Pumpkin,Pump,"Pump,",Pumpkin,Pumpkin,Pumpkin,Pumpkin,Pumpkin,Pumpkin,Pumpkin,Pumpkin,Pumpkin,Pumpkin,Pumpkin
127,Sock,",,,,,","and, and, and",5- -,- and and and-,on g.,,we are we..,.,"the. risk,",,to4 with the-,"1shie,",", Pre L",the:',"2,","""G-ch,","in,","c,s,t",Clil1.0,1996,S-,Soot1teo,"Sn, in and",D2 so 1,H of  or,Socks,Sock,Sock,Soonest-to,Sock,Socks,Sock,Socks,Sock,Sock,Sock,Sock,sock,Sock,Sock,Sock
128,Closet,,"and, and, and",1.,- and and and-,,,we are at it.,", in  and","the the is
 the",is: in is:,to1-0.,the is y,", Pre B",ia2 is on,"a, a,","(Wwise,","b,,,,",shoaht,unisefft.,1 (wise,"bl:M, un",Bridges,Open. 1.,D on D or D,"Clut as is,",121,Closet,Cl closer,Clink drawn,closet,"Ward clos,,,",closet,Ward clos clos clos clos,Wardro clos,Wardrobe,closet,Closet,Closet,Closet,Closet,Closet
129,Hair,,"and, and, and",of the car,- and and and-,,,"not

. is",at  is.,the in criod and,,"to to photos, in","thely, s",", Pre  was #",", ' is","2, The,","winch,2","6-,,",)sis,a bn to.,"1,12",-  hel with l,"D (,)",M.T.,shether 1,Stumagc C,Curly hair,Cis.,H hair,Hair,Cedd eb,Head,Hair,Slinky- ha,"C,",Curly hair,Hair,Hair,"Hair
erdact",Hairstyles,Hair,Hair
130,Baby,,,of the baby,-- and and and,,,"has,..",", in the
 a",the to of the love,is to in being,to7 with for the,2  1,", Pre C  b","ia is a,",2s of the,(Wareyw,"one, of","tyms,",load f.,",  |,",H.L.ly,Cocking 1,Baby.,Mum is a.,Baby,Baby,"C, x,",M Mbox Lo.,Baby,Baby,Baby,Baby,Baby,Baby,Baby,"Child, sitting",Baby,"Baby boy
len self",Baby,Baby,Baby
131,Bat,,"and, and, and",.,- and and and-,,,"we don
.",.,"the,
 the is",is: B: in,to1-  photograph,"1sh,way",", Pre Lv",", is 9",2 [,��,,titiont g,cheets. of,9919,A-,C.,F.  O.,B,M Bkagum,Bat,Bat,Bat,Bat,Bat,Bat,Bat,Bat,Bat,Bat,Bat,Bat,"Bat
 Grace",Bat,Bat,Bat
132,Leaf,,"and, and, and",is a be,- and and and-,,,"we are at,.",", ats  the",the and cr. place,,to1 and the to,1  of the,", Pre L  V",20 is was,",  a",��,is,"tation,)",ing,Wat (3A,G,Lef forumt,Lead. 1,D or or is not,Leave,22  or,Le leaf,"Le, and, of",Leaf,Leaf,Le leaf,Le leaf,Le leaf,Leaf,Leader,Leaf,Leaf,Leaf,Leaf,Leaf,Leaf
133,Shoes,,"and, and, and",1- -,- and and and-,on G,,"we do., is",", ats at.","the in and and,",,to1 and  of,"1shie,",", Pre L",the:',2nd and,"winch,ich",one for food without se,t san,for  few,"10,",P.,P Nting R,"S W ,",Footle F Reat,Easy- to-,Sand,Shoes,Shoes,Shoes,Shoe,Shoes,Shock-in-,Shoes,Footwear,Shoes,shoeless,Shoes,Footwear,Slippers,Flip flops,Shoes
134,Mountain,,"and, and, and",3.,- and and and-,.,,"I is of
.",", ats  new",the to of cr cr,,to1. -,"1shie,",",",a :,"2,,,",":, or,",,"2t, to","ton is F,",8211,1,Pine.,M.s,Mountain.,M mountain,Cly 1,M.,Mountain,Mountain,Mountain,Mountain,Mountain,Mountain,Mountain,Mountain,Mountain,Mountain,Mountain,Mountain,Mountain,Mountain
135,Sun,,"and, and, and",1.,- and and and-,on g:,,"we don
.",", ats, of",the in cro c,: in: in:,to1. -,1 thev,", Pre L Inter f","1,2,","2,",",

t",,",sial,th",batekerG_,"28,3",W,"Sun, ia (",Sun.,Sun,Sun,Sun,Sun,Sun,Sun,Sun,Sun,Solarbon underne,Sun,Sun,Sunflower,Sun,Sun,Sunflower,Sun,Flower,Sun
136,Mustache,,"and, and, and",50,- and and and-,on,,we are a up,",
)
y","the:
 a a",,to1-,"2shie,",", Pre A F",", is' is",C   there,(Wur t and,"1,,,","ar3sted,",ofAmig,1.0,Ced H  &,Cd.,M.,S in  is Br,19 of the,"1
  (",M mustin.,P- I at,M,1000,D;admer,Mustard and hair,Mustang,Mustache,Beard,Mustache,Mustard,Mustache,Mustache,Mustache,Mustache
137,Ear,,"and, and, and",.,- and and and-,,,we are a,.,to in. or do,,to1- 7,"thely,,",", Prey and",-  was,2 (s,"ers on,,",,)yr,for  in,9910,Hw.ly,Et (t:,"Oy,  """,2,E as 18,"Sh E,  for",E,Et-tear,E,Ec,Ear,Ear,Ear,Ear,Ear,Ear,Ear,Ear,Ear,Ears,Ear
138,Door,,"and, and, and",.,- and and and-,,,"not

. is",", in the
 a",the in and H2,: in: in:,to0 and the of,"thely,,",", Pre Lb S",iac and and,11 -,D-O Pest,"onise,",),for  short-,"1, 9",H,4 ( atal,3. 7,Do,Gate- door.,Do,"Do the the,",Door,Door,Door,Do not know what to,Door,Door,Doork,Door,Door,Door,Door,Door,Door,Door
139,House,,"and, and, and",1.,- and and and-,,,"we are a, you",", in  was","the the, of",:,to0 and the of,"1sh,r",", Pre Lb",for of the the,"the, a",(Diles2s,"is,,",cationi iso,ash tot or,Isit,on tok,H1000,House,House,House,House,House,House,House,House,House,House,House,House,House,House,House,House,House,House,House
140,Nail,,"and, and, and",.,- and and and and,,,"we don
wat",",",the. and card cr,:: there,to  and a in,1 the the is,",  B Bb",-  -,",  ,","��
t",,"2t,00","for  in,",1 Un,,"No  iny,",Sp.300,NinCD' (,H.T.1,C2110,1.,n,n,(2 like spe,nail,n,Pin,"n n
 anduto",Screw,nail,Nail,Screw,Nail,Nail,Nail
141,Binoculars,,"and, and, and",10.,- and and and-,,,"we is, it of",.,"the and.
 a",: in:: in,to1- 5,1 is the on,", Pre  a",-  - and,"2,,,",":y, or","; De, is,",")es,2",FK and dos,1- 2,S--un-,and a p. as,in  & &,Hdmi.,"Voc, andn",( 2),Sunglasses-,"bin-l,p",Fresher- f,Binoc,No ticking-C,eyeb.,Le e of the w,scope,Gun,scope and budometer,Optical icha,Sponge,Binocular,Telescope,Binoculars
142,Garlic,,"and, and, and",of the car,- and and and-,,,we are at.,", ats at.",to is a a ign,: in:: in,to1 and the with,"1shie,",", Pre   of",:  the x,",  ,",",0.ishi1",", at free",",220t",cheagaut- to,1. in,W,B1st  written,O  The,"Darted,","Cere,
S",Onc for and of,C.,Onion,Olyve o (,"Art.wC,",On.,Art of and and and,Artichok on,Onion,Plant,Onion,Onion,Onions,Garlic,Leaf,Garlic
143,Vase,,"and, and, and",-1-,- and and and-,,,we are a the is,", in  information","the the, of",: Like: and:,to4 at for d,"2, ,",", Pre B Cup Un",- a of the,"2,1,","�� """,for: 1,in)t)t,Lo k the 1,99,"to the As,",Btt ( B,V2 v  v,V F1 2,Vase,V.,Vase,"Vot, on,",Vase,Vase,vase,Vase,Vase,Scenture,Vase,Vase,Vase,Vase,Vase,Vase,Vase
144,Pencil,,"and, and, and",.,- and and and-,on G,,we don.,", in",the. and af is,:: there in and,to1. -,"1sh,r",", B Bb should",-  -,", and",��,";, in",",w0sol",ofmK.,of 1. or,1 e and,Ptail-sh,W,"Wipus,",Pt.and.,Un- beg begot,Pencil,"Penc and,",P,Saglass's,In-kery-,G to ertt ha,Pen,Pen,Pencivine,Pencil,Pen,Pencil,Pencil,Pencil,Pencil
145,Elephant,",,,,,","and, and, and",of ele Ele Ele Ele,- and and and-,,,I do not one of,", in  information,","to in., the",: in:: in,to to for the,1 theie Inc,", Pre L (","1: ,",",","(Bt,d",b,teradoes,Clig'st to,1- 2,",","Elo, 1","Eleemem , the","Ele, with a small",Elecadaes,E,"Ele with tr, a",Ele Ele,Ele,"Eleph1,1","Ele ele ele
o",Ele ele ele,Elephant,Elephant,Elephant,Elephant,Elephant,Elephant,Walking-eleph,Elephant,Elephant
146,Spool,,"and, and, and",1.,- and and and-,on g:,,"we don
.",)  at at,the in and value.,: to is is:,"to  and a,",the is is-,", Pre L v",ia is is in,"1,s","ersic,E",,ined ha.s,biterstt.,ofd.t (,1 uns j,Md,Sag5,Cross in thegare,H reEeH,D to on in the,C.G. Sum,S,Conrad in the w,"Snake

 options",Somet to1,String and hook-t,Canister,Squealer,Toilet paper on,Sailing,Snake in a v,Screwiper,Cord,Candle,Spool
147,Bench,,"and, and, and",is a be,- and and and-,,,I is for of for,", in the  f","the the is
 the",: in: theity,"to1, for.","2 Pro,",", B Lb B",1 is of a,a  there,(S-00,"[ on,:,",0)stg,forbodable,"9tvert,",Wishy-w,"D from ,",3  or,1  is the,Kris E E E,C. 1.,Ben,Ben,Ben,Bench,Ben,Ben,Bench,bench,Bench,Bench,Bench,Bench,Bench,Bench,Bench
148,Zebra,,"and, and, and",1.,- and and and-,,,"I is of
.",", ats.",to and of of of,,to to for the,"1sh,way",", Pre L Meg L",", is the of","2, C",0t win,"for from,,,","ttod,,","Comise, or the","-3,","Dist
 5",Kad,Zin- o.,"Zebie,",Zadc11,Zebr,"Zeb checker,",Zebie,Zad long- or,"Zeb, zika",Zop,Zebra,Zebra,Zeb,Zebra,Zebra,Zebra,Zebra,Zebra,Zebra,Zebra
149,Man,,"and, and, and",- -,- and and and-,,,we are the not B,.,the to and and before,,to to many. may,2  theie,", Pre B x",- : g,"2 Pund,",future andich (ed,"in,,,","of an,,",imper fite is,"1 (E,",S,"P, ist of",1,The is an unname,Man,Man,M.s.,P. 10,M.,Ciser Verspre,Man,Man,Man,Man,Man,Man,Man,Man,Man,Man,Man
150,Seal,,,is a be sea dog,- and and and-,,,"I is

,",.,the.. $ is,,7  and.,"1 theie,",", Pre A F Pro",no 1 in,", -",ers win,"for in is,,",trew hash,Strieage.t,1. # of,",",Seamon.,"M.
 1",Th.  [,Se S Sc-1,,Seo1,Seeloraa,Se,M,Se,Seagull,Seals,Seal,Seal,Seal,Seal,Sealfrog.,Seagull,Seal,Seal
151,Hair,,"and, and, and",is a be,- and and and-,,,we mighty is here,",
)","the the, of cr",,to1-K,"2 1,",", Pre B x",", is 2","a, the",D-001,"in,,,","cst with,,",loatek lo,1.05,"1-
 on",P (t)a,Y J C.,0 top 0,V-ranan.,B,M.,Hone--one,Moc,"Head,tad",M and w - or,Pothos,M a anduerot,Ceren with kn,Eagle finger-wi,Faux hawaldalen,Hat,Tucker carly',Short,Vase,Hair
152,Necklace,,"and, and, and",1.,- and and and-,,,we don.,", in the
 a","to in is your,",,to1  1,"1sh,r",", Pre B :",– s2,"2 N,","Mts, know",,"fromt of,",lohmeto,8  o,S,A 1Tt,M. 2,H0.0.,"Khey, and",Bra-s-s,M.,Jewt,"H. h
h",Bra bra bra bra bra,Hurl and re $,Htacket en,"Ne,B Bra bra","Heart, and a d",Ne bracelet,Necklace,Heart,Necklace,Necklace,Jewelry,Necklace
153,Desk,,"and, and, and",1.,- and and and-,,,"not we are,,",",",the. and and.,: in:::,to1 and: Un,2 1 D,", Pre B insb",on and is2,"the, a",(Dust ofd,", is in the M",ta.tst,loateilousise,in  for,��� �,P:A-,Miz.,D- or- D,"Drawtse
 of",Des or and or des,Table,des des for des of,Desk,desic draw 2,Desk,Cabinet,D desist S f,Drawing of desk,Desk,Cabinets,desk,Airo Kolikusku,Desk,Desk,Desk
154,Bell,,"and, and, and",be  is,- and and and-,,,I is of,", in the
 a",the to and blue of,is: Be::,to1-K,"1sh,way",", Pre B #,",", is 9","2-5,","No kisho,","in,","ingsh,ag",Silver 1 M (,1.0,Hise .,Via vt1,"Tobbco,",Bell.,Bell,Bell,Bell,Bell,Bell,Bell,Bell,Bell,Bell,Bell,Bell,Bell,Bell,Bell,Bell,Bell,Bell
155,Star,,,,- and and and-,on g may for,,"not

. is",",
 at on the",the of crg of,,to1.ia with,2 L and of,", Pre :",- : and,,Dt-10,is,"tyc,",to,"0. is,",H,Star,Star.,Star,Star,Star,Star,Star,Star,Star,Star,Star,Star,Star,Star,Star,Star,Star,Star,Star,Star
156,Hammer,,"and, and, and",1.,- and and and-,on g:,,we are the noth,.,the. and value c,,to4ity for of,1 is iz,", Pre B -",-  -,a  [,�� 0,",,",bo.ovsh,ofa. pr,1.0 air,-  hel-,P:Hon-,S ham.,[ on to the or,H ham ham ham ham,S ham 1,ham ham ham ham ham,Hampered,Ham,Ham,Ham ham ham ham ham,Hair-/ or,Scredriver,Ham,Hammer,Hammer,Hammer,Hammer,Hammer,Hammer,Hammer
157,Pillow,,"and, and, and",.,- and and and-,,,we don.,.,"to in.
 the",,to1 and ( B,"2-sh,",", Pre Lb",the:',2-4 with,ers,"at,,",cy:st:,for  shortation,90 1,S,PH.,3 3,"Ud 1,",Pillion,Pill,P pill- 1,P pillow,P,Uhioi,P pillage,Pillow,Pillow,Pillow,Pillow,Pillow,Pillow,Pillow,Pillow,Pillow,Pillow
158,Spoon,,"and, and, and",1.,- and and and-,,,"we don.
 we",",",the.. second to,,to1time with,"1shie,",", Pre L",-  is2,,��,"one, in atign",4covs,for/Nt,9tis.,and  or,"C01, the","Sp  and ,",D 2 1,Sp 1 or,Sp 110,Spo,Spoil,Spoon,SpoeU,Spoon,Spoon,Spoon,Spooon,Spooon,Spoon,Spoon,Spoon,Spoon,Utensil,Spoon
159,Screwdriver,,"and, and, and",.,- and and and-,,,we don.,.,to in. or do,: Under: is like,to to for any of,1  of the,", Pre B",-  -,"2.3,",":,","in,,,,",)issh.,FKk and,"I - t,","1s
 or",Un Ptik-,Sill  & B,DXN0S,Fat-p h,Tool,Cing-tt,Screin,C- in a circle,T00-2,"L, 1,",Allan wricker,Scredriver,Wrench,Screwdriver,Screwdriver,Screwdriver,Screwdriver,Screw,Tool,Screwdriver
160,Compass,,"and, and, and",1.,- and and and-,,,"we don
.",", ats  be",to in is money?,: in:: se,to4ity--,1 the 2,", Pre B Uny",no- 1,",  ,",�� �,", at in","I,28,",for  shortam,1912,-  hel-,Contr A.,M.  -,Dump.  (,Fan,Clock,M,Helmet,Clock,tops,P,FNCirc Flyw,"Cloak, the Clo",Eini in bros,Pound,Po inter drill,Bell,"Lens
aille",Saturn-v,Button,Compass
161,Flower,,"and, and, and",1.,- and and and-,,,we are a in.,",
 the next next","the,
 the is",,to1. -,is is y,", B Bb)",", is,s",7-5-,ers,", on at, at","0odw,",Striter  lo,0. 0,,"P (t,)",The.,"Flow, or, Flow",Flow A*36,F,F.,Flower,Flower,2 e Zd,Flowere,Flowers,F flower,Flowers,Rose,Flowers,Flower,Flower,Flower,Flower,Flower
162,Kite,,,1.,- and and and-,on g:,,"we don
.",", at

 at","the the is of,","is the
 the is",to1 17,1 is 9,",",-  was,", ( ?",(Ware,", on","2 1,",bardon b',. 37.,G.,Ws the c of,"O
 2",D 2 H2,T Fth Pc,E so so so So,C,K K Indux0,Hairyangels,Kiss the E0,Vk God bux,"Tri,angled",Vulcano,"Paroni, or sp",Tri-shaped-,Kite,Kite,Kite,Kite,Kite,Kite
163,Suit,,"and, and, and",.,- and and and-,,,we are a up in,",","the,
 the with",is to is the more,"to0, real,","2 F,,",", B Bb",-  is is,"(  or,",",0A17",",, in","singed,","for ,",1 to D,H,P:1,Su on in the in,Mr or Mr toy,Jack K.S.,Su,Su,Suerobothead,Su,Suad and suit,Co,Jacket,Jacket,Su suit,Jacket,Suit,Coat,Suit,Jacket,Suit,Suit
164,Cake,,"and, and, and",is a be,- and and and-,,,I can wey,", ats at.","the man was,",,to0 for: many,"1sh,,",", Pre  there f",the211:,"2 the man,",(Diesur,"ble,",cing wsonis,App  direct  and,.,"�,",Cd1 based on,C. us.,Cake.,"C,:c,",Cake,Cake,Cake,cake,D,Cake,Cake,cake,Cake,Cake,cake,Cake,"Cake
 mo t",Cake,Cake,Cake
165,Hat,,"and, and, and",.,- and and and-,,,we do.,", in the","the in
 the mort",,to1 and the to,2nshie,", Pre Lves Add",", is's",a  there,Durheilens,"with in is,,",,loiaauerd,1.0 is,1,Hat,Hat.,Hat,Hat.,hat,Hat,hat,Hat,Hat,Hat,Hat,Hat,Hat,Hat,Hat,Hat,Hat,Hat,Hat,Hat
166,Crown,,"and, and, and",1.,- and and and-,,,we don.,", in the",to in. it are,,to1-K,"1sh,,",", Pre B Fce",", is 9",", the","winch,t",,"2s,",for  short-,9. #,"C,","F) in and,",M. and. and,"Crown, st, or",Crown,Crown,Crown,Crown,Crown,crown,Crown,Crown,Crown,Crown,Crown,Crown,Crown,Crown,Crown,Crown,Crown
167,Piano,,"and, and, a",be,- and and and-,,,"I don

.",",",to in. to one,is to in to C,to1-ia at,the is -,", Pre;  B",1. ised,a  there,(Wwyw,"b,,,",)strp was,for0s-,": iss,",,P:1,M.   and,Key of shpight,"Ct
*E",Cing,P piano,Pian,P piano,Oialisd.,Piano,Piano,Piano,Piano,Piano,Piano,"Pencil, trac",Pianorebos,Pianos,Piano,Piano
168,Stethoscope,,"and, and, and",is a be,- and and and-,,,we might on.,.,to.. the is,,to -  and,is is:,", B Lb B",-  is2,"2, Cs","erswin,","in,,,","2 1,",loagagn,"I- and,",G.A,"W at [y,",",  and",Hang  prob,"G.

(",T/2 and T,M. and M and,"Heart, heart, heart",Herm Lonh,O heart or a and,/,"Heartbe, and,",Tether,"O, and a heart",Easter,Heartbeelt,Heart-rate ​,StethEC Galivan,Stethoscope,Telescope,Stethoscope
169,Bride,,,10-,-- and and-,,,is  not.,in a is a,the in and  and,,to1-,"1 the far,",", Pre Yise",1 1,"2, Nos",(Aurishf,"one inestit,",yericing,of loia1,",",W n on a t,P isi  k,Wedemay.,2 .,C -.c,Wed.,Wedding,Wed b- By L,Wedding,Wed,Bride-b comb,Bride,Bride,Wedding dress,Wedding,Wedding,Wedding dress,Wedding,Wedding,Bridal,Bride
170,Butterfly,,"and, and, and",But 5 of But,- and and and-,,,we don.,",
)",the the snow in is,is to within no man,to1-  (,"1 theie,",", Pre B Addv",2019,",","vise,G",for:,"y. was,",ofm.n,9tes,1,B (A:A,B.,B e's,Butter Fan-,But,C. 2.,No re &m techn,But a,"S, -D",Butterfly,Butterfly,Butterfly,Butterfly,Butterfly,Butterfly,Butterfly,Butterfly,Butterfly,Butterfly,Butterfly
171,Heart,,"and, and, and",is a be,- and and and-,on g,,we are a back to,",

 at at",the the double: not,under:: the,to1. -,2 1sh,", B Bingv",2 is is post,",","with,",,) and .,isa,9tart,Heart and fenert,Heart: the is,Heart.,Heart,Heart,Heart,Heart,Heart,Heart,Heart,Heart,Heart,Heart,Heart,Heart,Heart,Heart,Heart,Heart,Heart,Heart
172,Skis,,"and, and, and",50,- and and and-,on g:,,"not

. is",", in the is the",to in cr. Do,: in: in:,to1. -,1 is al,", Pre Lyv",1 20,"2 The, and","winch the, or",one,teringer,cheeterk_o,"of 3, and",1s and,I:,M.,Br:20 for,C-1 1,Skiing,Ski,Ski,Ski,Skiing,Skiing,"Skate, f o",Sk skier,Skier,Skier,Skis,Ski,Skier,Skate,Skis,Skis
173,Clown,,"c0, and a",1- -,- and and and-,on,,we is lefts of,", ats  all","the,
 the,",,to1 N1 for,1 the .,", B Bb)","2, the is","7,",".0ne,","one, in on",",shboo",Stranger.t re,1/ t to,M ly a g,Pt ( pist,.s.,M.  2,1610,1,Mingled far.,"Circus clow,",Circ circs circs,Cisim,clown,Circled,Em emt suit,Clown,Clown,clown,clown,Clown,Clown,Clown,Clown
174,Volcano,,"and, and, and",.,- and and and-,,...,we are at,", ats  new",to. in. it,,to4 a Ph to,"1shie,",", Pre B :",:,the :,"ers, ""ter",inpost,")issh,",StrigndKt,un at2t,"1s ,",(1:1.,M. Post.,Expae with the,C Mount m from a,,"-,  o","Volc,","Volun-, er",Volcano,Ex expl expl expl expl,Volcano expl expl expl,Volcano,Volcano,Exploding- vol,er erico erill,Volcano,Volcano,Volcano,Volcano,Volcano
175,Pear,,"and, and, and",0.,- and and and and,on,,we are at,.,the.. it is,,to1. -,1shieed,", Pre Lb",- :s,"2,1,",ersswerkd,", at, 1","b.c, is",cheagn. of,1.0,of,P-E-t,M. 2,"Pun, 1","Pair/ pot,",P,Pest L-ing,P W A-F,P,Pea,P Pear,P,BPEe,Dora,Pear,Pear,Pear,Pear,Pear,Pear,Pear
176,Octopus,,"and, and, A",An14.,- and and--,,,"has not
. is",",
 on to a","the the, is money",is to is to:,to1-  photograph,"1 theie,",", Preols Addy",1 12,a   [,(E,"b,",",sod 0",Strkpertre,"99.,",. 11-,Cocky,3  #,1012,Oc11 M,Mon,"C, x,",S.T. A,O-c h,Octopus,Octopus,Octopus,Octak and water,Octopus,Octopi,Octopus,Octopus,Octopus,Octopus,Octopus,Octopus
177,Saw,,"and, and, and",.,- and and and-,,,we are a not,",",the the is of red,,to to for any,"1 theie,",", B Bisebe",", -- and",",  ( s",",0s,tre",", on a","2thophage,","Comate, ,",of,S -,C.d.w,2   #,"2 or more,",Cut:,on,S.,S.sl.,C,L conf conf,saw,saw-toothed,saw- or gr bl,Knife,saw,saw,S saw,Saw,Scissors,Knife,Saw
178,Camera,,"and, and, and",1-1-,- and and and-,are,.,,.,the. and is at,:,to1ate.ity,1 is 9,", Pre   of","-  and,",a  (,"�� ""","bityo,",",rct,",for  for,8 2s,"of, a",Cstt.,10,S  is in S,Camera,1,Camera,Camera,Camera,Camera,Camera,Camera,Camera,Camera,Camera,Camera,Camera,Camera,Camera,Camera,Camera
179,Bed,,"and, and, and",1.,- and and and-,,,we are at the we,.,the to. $ is,,to1-ia with,2 at the,", Pre :",- : and,( e (sree,winheiterch,"one atbity,",4112,uniseodaund,' is 8,"SIS
 and",I at 1 (,M. 0,Sindi is the,Bed,Bed,Bed,Bed,Bed,Bed,Bed,Bed,Bed,Bed,Bed,Bed,Bed,Bed,Bed,Bed,Bed
180,Harp,,"and, and, and",is a be,- and and and-,on,,we don.,",",to. is a a,under: is is are,to1-  the,2 shrum,", Preons",-:  -,", the","Nozer,,,","in,,,","with,shail",for  with,"0., and",S: n yer,Thetronesat,H o  read and,"H 2,0",Cac-f1,Cay in the bar,"G, (, (",Sot.,Harp,T viol ini,Vi- orarin-,Pell Family re,Banjo,Harp,Harikers,Harp,Accordeon,Guitar,Harp,Harp,Harp
181,Broom,,,Bro is a get of,---- and,on g,,"I is of
.",",","the,
 the is",: to in in the,to to to post to,"2sh,,",", Pre :",-  -,"2,  G",(unde- or-,"bele, in",t- ob,for  in,oftine,"ly
  st","""S.10",M W 1,D ; 2,Pinee.,Cst gt last,C. 1.,Brush,G,Bro br br br br,Bro-... or a,Bro bro having a good,Bro bro bro,Dc4 and a,Bro bro,Broom,Broom,Broomsuggaruba,Broom,Broom,Broom
182,Nurse,,"and, and, and",1- -,- and and and-,on g.,,we are the noth,",",the in and and value,,to to to 1,"2nn,",", Pre B",the is 3,"7,s,","(New,s,","one, of the re",:0 sett,"Kod, lo,",1/ (to,"S 
 and","P:A1,",1 g,20 :,K. Lehous,"C. 1,",C,NTUTM,Nur,N nurse,Drawing of girl with,Pret-teda,Girl with apron and,Girl,"Nur, or, in",Nurse,Woman,Nurse,Nurse,Nurse,Nurse
183,Eye,,"and, and, and",1.,- and and and and,,,"I,. we at",", of the.",the in and money.,,to1ity for-,2 Lway down,", Pre  of",1 is 6,", ,",casca-,,ser  in,for  in,9B 1,,"Eyolo (,",M.,"Imish.sub,",Eye.,Eye,Eye,Eye,Ey,Eye,E eye,Eye,Eye,Eye,Eye,Eye,Eye,Eyebridge,Eye,Eye,Eye
184,Cowboy,,"and, and, and",.,- and and and-,,,we are a up in,", of the.","the,
 the.",,to0 N8.,2  theie,", Pre B",the is of isie,7-,eyt,"one, of","aring Gs,",imperity.,"0, and,",W Mc 20,Sh,2220,2 st 2,11 F:,C [  Fre,Cow.,"Cow,tux and",Hat,C figure,Cowboy,Cowboy,Western-sized-,Western,Sheriff,Western character,Sperm,Outlaw,Man,Man,Cowboy
185,Monkey,,"and, and, and",1.,- and and and-,on g.,,"we don
.",", ats  the",the to. the at,: in:::,to to the to,1 theie So,", Pre L","the:  a,",2,":w, or",,cer tent,Strietonnod,1. 6,,M - 1 (,M.spew,Monie.,Mon,Mon  in a for,Monster,Monkey,Mon,Monkey,Mon,Monitor,Monkey,Monkey,Monkey,Monkey,Monkey,Monkey,Monkey,Monkey,Monkey
